{"cameraMode":{"drawMode":0,"name":"Shaded","section":"Shading Mode"},"sceneLighting":true,"audioPlay":false,"sceneViewState":{"showFog":true,"showMaterialUpdate":false,"showSkybox":true,"showFlares":true,"showImageEffects":true,"showParticleSystems":true},"in2DMode":false,"pivot":{"x":2.514200448989868,"y":4.866211414337158,"z":-3.1700046062469484},"rotation":{"x":0.3154730498790741,"y":0.015656502917408944,"z":-0.005205762572586536,"w":0.9487923979759216},"size":22.191505432128908,"orthographic":false}