{"cameraMode":{"drawMode":0,"name":"Shaded","section":"Shading Mode"},"sceneLighting":true,"audioPlay":false,"sceneViewState":{"showFog":true,"showMaterialUpdate":false,"showSkybox":true,"showFlares":true,"showImageEffects":true,"showParticleSystems":true},"in2DMode":false,"pivot":{"x":0.37777096033096316,"y":1.49192476272583,"z":-2.8812637329101564},"rotation":{"x":-0.09432408213615418,"y":-0.875594973564148,"z":0.43381229043006899,"w":-0.19038496911525727},"size":22.0,"orthographic":true}