{"cameraMode":{"drawMode":0,"name":"Shaded","section":"Shading Mode"},"sceneLighting":true,"audioPlay":false,"sceneViewState":{"showFog":true,"showMaterialUpdate":false,"showSkybox":true,"showFlares":true,"showImageEffects":true,"showParticleSystems":true},"in2DMode":false,"pivot":{"x":2.9802322387695315e-8,"y":-0.6800000667572022,"z":7.0},"rotation":{"x":-0.09432408213615418,"y":-0.875594973564148,"z":0.43381229043006899,"w":-0.19038496911525727},"size":3.500178813934326,"orthographic":true}