{"cameraMode":{"drawMode":0,"name":"Shaded","section":"Shading Mode"},"sceneLighting":true,"audioPlay":false,"sceneViewState":{"showFog":true,"showMaterialUpdate":false,"showSkybox":true,"showFlares":true,"showImageEffects":true,"showParticleSystems":true},"in2DMode":false,"pivot":{"x":-0.9899168014526367,"y":0.478515625,"z":8.154876708984375},"rotation":{"x":0.1190958246588707,"y":0.01787126623094082,"z":-0.002140111057087779,"w":0.9927241802215576},"size":41.85612106323242,"orthographic":true}