{"cameraMode":{"drawMode":0,"name":"Shaded","section":"Shading Mode"},"sceneLighting":false,"audioPlay":false,"sceneViewState":{"showFog":true,"showMaterialUpdate":false,"showSkybox":true,"showFlares":true,"showImageEffects":true,"showParticleSystems":true},"in2DMode":false,"pivot":{"x":9.252819061279297,"y":0.0,"z":3.501026153564453},"rotation":{"x":0.0007248201873153448,"y":-0.9846705794334412,"z":-0.003934571519494057,"w":-0.17452241480350495},"size":13.65575122833252,"orthographic":true}