{"cameraMode":{"drawMode":0,"name":"Shaded","section":"Shading Mode"},"sceneLighting":false,"audioPlay":false,"sceneViewState":{"showFog":true,"showMaterialUpdate":false,"showSkybox":true,"showFlares":true,"showImageEffects":true,"showParticleSystems":true},"in2DMode":false,"pivot":{"x":-14.874874114990235,"y":60.70000076293945,"z":-98.7263412475586},"rotation":{"x":0.0542348213493824,"y":-0.42580050230026247,"z":-0.025578735396265985,"w":-0.9028295874595642},"size":51.34870910644531,"orthographic":false}